[Mn/H],-2.18976690404543
wvl,obsflux,synthflux,synthflux_up,synthflux_down,ivar
4729.09619140625,0.9787323834599294,0.9760319452776591,0.9760290364849558,0.9760335930052441,2434.084309467324
4729.41748046875,0.9794641252298969,0.9736053082250573,0.973600818106179,0.9736078564575688,2422.05781103524
4729.73828125,0.96214711574169,0.9708650343620553,0.9708587233603478,0.9708686184456237,2457.4224083484096
4730.06005859375,0.9540394920362958,0.9670429506017912,0.9670350121648875,0.9670474490619183,2549.0591021125165
4730.38134765625,0.9453553940062914,0.960975457162791,0.9609665987783542,0.9609804306719572,2599.6883396941676
4730.70263671875,0.9201530825649291,0.9521171512844427,0.952108194208274,0.9521220571357509,2613.058442273726
4731.0234375,0.9027536875039257,0.9420953061796923,0.9420865798545038,0.942099854616901,2662.5253161971928
4731.34521484375,0.914289116807863,0.9346152224389672,0.9346064471392712,0.9346194965118799,2682.208474621484
4731.66650390625,0.9151902696527199,0.9329337072400622,0.9329245863428439,0.9329379036290159,2677.11551581004
4731.98779296875,0.917110220160477,0.936525243130041,0.9365160289961959,0.936529378080433,2701.740671049226
4732.30859375,0.9118883554722493,0.9408637899383158,0.9408551104450359,0.9408677440959539,2654.4722126984925
4732.63037109375,0.9124091332381338,0.940842667289825,0.9408349389919389,0.9408464396716744,2692.195977812602
4732.95166015625,0.8927714668758663,0.9351820957831223,0.9351753233690856,0.9351858926882585,2732.191527885855
4733.27294921875,0.8774628847672852,0.9281738487535014,0.928167979757827,0.9281779012305079,2670.816215164121
4733.59423828125,0.8991908140340493,0.9266545109437061,0.9266497241784937,0.9266588579939525,2664.6248147802885
4733.91552734375,0.9339368763560433,0.9344188574986824,0.9344154058234433,0.9344232896352123,2636.4482843984774
4734.23681640625,0.946854547857964,0.9491662678816641,0.9491641596345272,0.9491704174130027,2563.044893583165
4734.55859375,0.9608304381767435,0.9647204278124359,0.9647193621772606,0.9647239164667206,2553.2240349097465
4734.87939453125,0.9700060876085453,0.9754379304816622,0.9754374874872372,0.9754405207473534,2531.165017377963
4735.20068359375,0.9703414442127667,0.9787146552508142,0.9787145035473644,0.9787163269312932,2502.4790220622644
4735.5224609375,0.979548916599321,0.9740976847480723,0.9740976272061823,0.9740986204667259,2543.0257828610743
4735.84375,0.9367363637792423,0.9624003115504327,0.9624001824538172,0.9624008382513931,2580.68728332093
4736.1650390625,0.9298604523047662,0.9460542407793964,0.9460534760547795,0.9460550067544718,2587.735453608101
4736.486328125,0.9079458075112133,0.9298672565998808,0.9298631376899608,0.9298705242953536,2613.353244330556
4736.8076171875,0.9220067857716602,0.9197661225444246,0.9197474982694563,0.9197806649258308,2577.6739295491025
4737.12890625,0.9547055740777038,0.9195225192995092,0.919452615351032,0.9195770776032742,2503.8814741985607
4737.45068359375,0.9483155061498789,0.9284125196909998,0.9281958475544018,0.928581709484289,2471.7973348878904
4737.771484375,0.9395958532362444,0.941938444432023,0.9413889321862929,0.9423677410737549,2436.783533595892
4738.09326171875,0.9559116461376711,0.9549383798424406,0.9537949436008656,0.9558320295830693,2430.5647412825974
4738.41455078125,0.9877930403953206,0.9638205191726815,0.9618793730421127,0.9653381045402636,2433.070682798548
4738.736328125,0.988336537342005,0.967624618546301,0.9649348385489495,0.9697280075041085,2446.1972907241957
4739.05712890625,0.9771540943478426,0.9672757039270706,0.9642387386478528,0.9696510293707212,2469.9541749493915
4739.37841796875,0.9708087729169887,0.9643692254658832,0.9615735646908659,0.9665561073007538,2531.729664538695
4739.7001953125,0.9608535607532499,0.9602109038878875,0.9581151869379535,0.9618504028042537,2548.0880027569406
4740.021484375,0.9326157663714953,0.9555696168302164,0.9542893590858398,0.9565712163364952,2548.7075768636196
4740.3427734375,0.9453005277833092,0.9506026846623175,0.949965551166115,0.9511011238933667,2594.8496239898227
4740.6640625,0.9238110509691957,0.9451059647511789,0.9448476071951374,0.9453080066963272,2614.5118787422402
4740.98583984375,0.9299219711953839,0.9394210000291731,0.9393356314041919,0.9394875838038511,2638.2140435245196
4741.30712890625,0.9114417357582855,0.9353348103459691,0.935311422549347,0.9353527101040046,2648.2140019577528
4741.62841796875,0.906026022516519,0.9352105601628555,0.9352047396356759,0.9352144794680874,2627.2302197382037
4741.94970703125,0.9074931707722359,0.9399359079837971,0.9399339581673571,0.9399366069731073,2572.7806590632795
4742.271484375,0.9390194950016905,0.9481234861525608,0.9481222351929839,0.9481235876022567,2534.0525744214997
4742.5927734375,0.9924746255054798,0.9574846777837234,0.9574836919020075,0.9574846911520388,2499.670967839212
4742.9140625,1.0032986183343393,0.966546613534788,0.9665459229015475,0.9665466213161344,2468.564488694258
4743.2353515625,0.9796983565602299,0.9746640952557822,0.9746636764277632,0.9746641208326323,2440.034244971695
4743.55712890625,0.9646694561682253,0.9811874870044112,0.981187215879928,0.9811875674831484,2439.5219480586256
4743.87841796875,0.9936494271614668,0.9850738150733448,0.985073514122533,0.9850740208555956,2470.5575390389845
4744.2001953125,0.9944803119436291,0.9853309491746172,0.9853304251427806,0.9853313779863178,2469.4871737082017
4744.52099609375,0.9700732541586602,0.9815720906234346,0.9815711641167452,0.9815728167448955,2463.0981776015674
4744.8427734375,0.9807824130053164,0.9744746902186138,0.9744732215570183,0.9744756925896284,2467.923847643512
4745.1640625,0.9607245736452914,0.9661358586275868,0.9661337687346377,0.9661369844849077,2470.1281629797145
4745.48583984375,0.9694750487207363,0.9596416115177323,0.9596388841534702,0.959642640782721,2450.6228838886427
4745.806640625,0.9635838170694037,0.9577803930245804,0.9577771193721687,0.9577811595753236,2527.1907707199184
4746.12841796875,0.9745224647635237,0.9612212844380289,0.9612177293552242,0.9612217486809247,2489.832854147104
4746.4501953125,0.9938978082159429,0.9680498224146005,0.9680464253041889,0.9680500511819204,2502.865842277137
4746.771484375,0.9541746350263111,0.9751659491248147,0.9751631520520959,0.9751660409913196,2522.084236589408
4747.0927734375,0.9619997032635087,0.9803624808229593,0.9803604882902485,0.980362510858562,2546.5630970757375
4747.4140625,0.964373426068093,0.9830677954856601,0.9830664430058327,0.9830678034808992,2598.7038410944137
4747.73583984375,0.9572288535260335,0.9837394749833007,0.9837382766145598,0.9837394767117844,2578.056407744033
4748.0576171875,0.9301625816895985,0.9829472161781723,0.9829455356033354,0.9829472164822212,2564.5469213021056
4748.37841796875,0.9551100663137002,0.9810050447637699,0.9810023590598543,0.9810050448075589,2584.5762515894953
4748.7001953125,0.9542694103118727,0.9781292477101244,0.9781254395969434,0.978129247715227,2592.2828394128965
4749.021484375,0.9551852885413591,0.9748585036601953,0.9748540368353271,0.9748585036606809,2552.7771599459106
4749.34326171875,0.9544354549853081,0.972107837688372,0.9721035590556879,0.9721078376892116,2516.605959119376
4749.66455078125,0.9625155674675325,0.970749130181222,0.9707457911906735,0.9707491301899854,2516.556348582802
4749.98583984375,0.9687663689508537,0.970853587960905,0.9708514658180627,0.9708535880357475,2530.821666186717
4750.3076171875,0.9710397258921816,0.9714662326070681,0.9714651309094114,0.9714662379461737,2546.941895032196
4750.62939453125,0.9814420254666909,0.9712495116739316,0.9712490050172687,0.9712495619658001,2559.592417827592
4750.95068359375,0.9758302112994767,0.9694899913282448,0.9694894746787108,0.9694903827113985,2552.6136008456656
4751.27197265625,0.9558887924744643,0.9665066759909469,0.9665043093182205,0.9665091838157965,2536.7827232714794
4751.59375,0.9591642969566214,0.9633109090742797,0.9632985960825252,0.9633241148457639,2548.1548411619337
4751.9150390625,0.9376733709163025,0.9610500298242378,0.9609970302294373,0.9611067488741767,2541.5415348608926
4752.23681640625,0.9495994476832517,0.9603622545375909,0.9601757829281793,0.9605615488473966,2523.51611341586
4752.55810546875,0.9544313263592261,0.9606133799594219,0.9600795350502427,0.9611836162908235,2544.140526100053
4752.87939453125,0.9562968989073788,0.9595435403183277,0.958297398662447,0.9608743296486972,2577.8194705716123
4753.201171875,0.9537294477541872,0.9546618858764274,0.9522881141009043,0.957196497436324,2544.2093154494537
4753.52294921875,0.9172356143240386,0.9461221838299128,0.9424372416100728,0.9500557673783254,2548.0786424215808
4753.84423828125,0.917633335399148,0.9380223666213977,0.9333609495587195,0.9429958168404392,2633.138696809932
4754.16552734375,0.933290745245169,0.9355757248427758,0.9307649950424635,0.9407038567200261,2616.8955185907635
4754.4873046875,0.9414165922377115,0.9405204423599552,0.9364678873915249,0.9448334077704368,2544.838508763303
4754.80908203125,0.9436736136800519,0.9493909002050662,0.9465978557801276,0.9523542666693532,2544.3345340882743
4755.13037109375,0.975988361651455,0.9563554371421293,0.95476785795622,0.9580288502342839,2549.0745766327254
4755.45166015625,0.9648144738422777,0.9575491053679236,0.9567909062172455,0.9583363175095994,2555.3015865385632
4755.7734375,0.9336812225312972,0.9531989489114402,0.9528804004045368,0.9535183847111071,2591.60613026927
4756.09521484375,0.9251412379467359,0.9468745632445109,0.9467453788272854,0.9469956369579181,2567.2776221846584
4756.41650390625,0.9213585460926208,0.9426449993574175,0.9425892831135316,0.9426927126891852,2601.1705829846187
4756.73779296875,0.9191818347315973,0.9421816438455975,0.9421562566446106,0.9422018426154485,2608.1792917959215
4757.0595703125,0.9420761986108391,0.9442977743979933,0.9442867082608567,0.9443062305607461,2564.690493884581
4757.38134765625,0.9388156657170442,0.9470615451813019,0.9470573088545012,0.9470647223918228,2550.097147899628
4757.70263671875,0.95643938943235,0.9498956001072038,0.9498942306574986,0.9498966272173491,2529.9057739296927
4758.0244140625,0.9544737040003137,0.9532871104545728,0.953286722660747,0.9532874447374144,2522.7029473074504
4758.34619140625,0.9641758265964457,0.9571456788136662,0.9571454006972498,0.9571460568939807,2496.296979626753
4758.66748046875,0.9513299605990678,0.9604999190667445,0.9604985405350177,0.9605014954539165,2500.557674242509
4758.9892578125,0.9579750446096432,0.9627463455912852,0.9627386808660983,0.962753799236501,2458.2251366910546
4759.310546875,0.9852197589922846,0.9643500394466886,0.9643149925993426,0.9643818375349831,2469.4680505565093
4759.63232421875,0.9641578254280365,0.9660332640155748,0.965901941853606,0.9661493655044349,2488.6089143268155
4759.9541015625,0.9742783186793754,0.9675159580618892,0.9671127271977367,0.9678698660075017,2441.134183914981
4760.27587890625,0.9932644109105377,0.9673474232056635,0.9663283385520967,0.9682432220179426,2456.378922779093
4760.5966796875,0.9577326409553529,0.9637780972689162,0.9616476688738019,0.9656644725861165,2488.670654156815
4760.91845703125,0.962984650952389,0.9555761401121701,0.9518375546268791,0.9589290043476435,2529.269443979022
4761.240234375,0.9709432447384283,0.9423238355931597,0.9367553880382974,0.9474114211644886,2531.4487422754805
4761.56201171875,0.9479217113010763,0.924457957706961,0.9173108456801815,0.9311452086306743,2537.093936855606
4761.88330078125,0.9060057420468246,0.9041517074375144,0.8961483310841588,0.9118419966351424,2596.2280943039027
4762.205078125,0.906999197265918,0.8860861675427237,0.8782283519105175,0.8938337149026363,2628.989212771643
4762.52685546875,0.881394855981519,0.8759424970677256,0.8692171582038692,0.8827186082558633,2678.028811891312
4762.8486328125,0.8973848762762741,0.8757723141706755,0.8708178375044604,0.880845064994656,2702.610211227241
4763.169921875,0.8671544711479576,0.8816728592953218,0.8785708792128274,0.8848822704956258,2665.7426144587735
4763.4912109375,0.8649614855218973,0.8875982476021391,0.885951013068997,0.8893087748725745,2676.623398876987
4763.81298828125,0.9140261406451345,0.8912980392606007,0.8904970068882477,0.89211586426442,2670.0825867539047
4764.134765625,0.9048369790529497,0.8953261499816376,0.8947663933069239,0.8958556585796938,2660.1108688307722
4764.4560546875,0.89450126522933,0.9025433934810875,0.9016411113171164,0.9033481328241938,2622.3883333788003
4764.77783203125,0.9141789956840511,0.9121824609936103,0.91027392332305,0.913880477173371,2622.983010948302
4765.099609375,0.929071771898438,0.9206861532162897,0.9170445919933023,0.9239496207253857,2614.2905309327825
4765.42138671875,0.9285348723293012,0.9256413374580298,0.9197535442100098,0.9309576521903418,2591.5312750668004
4765.74267578125,0.925115039700282,0.9281065780288928,0.9200934897135452,0.9353952363536933,2585.518793157072
4766.064453125,0.9233163369579657,0.9314364766529438,0.92224483818886,0.9398576282901471,2596.809602148765
4766.38623046875,0.9200594254887954,0.9382240192057081,0.9293420548978135,0.9464171572850786,2595.071053526701
4766.7080078125,0.918322712663974,0.9480790972052552,0.940859557365677,0.9547792177848673,2577.546465082206
4767.02978515625,0.9397197462011431,0.9576791592090832,0.9527577171130364,0.9622690328659187,2557.7667862034186
4767.35107421875,0.9517964016854588,0.9630657750749199,0.9602602010279571,0.9656911867019525,2573.5285929317474
4767.6728515625,0.9566326709366321,0.9627538859858477,0.961423464647124,0.9640004331112889,2565.105343893929
4767.99462890625,0.9579337374537761,0.9591600438089778,0.9586358743565611,0.9596500744085236,2531.5470669026745
4768.31640625,0.92328632847001,0.9569523683166052,0.9567803640309888,0.9571116955825336,2543.724093777544
4768.6376953125,0.9360334484232901,0.959336309800077,0.9592884436206159,0.9593794609820353,2547.3423724086497
4768.95947265625,0.9611730023559248,0.965755109020991,0.9657428252218963,0.9657651585567816,2575.4676440323865
4769.28125,0.9542087573492208,0.9729476787040322,0.9729430734373555,0.9729502886071107,2548.527227970792
4769.60302734375,0.9763108947137982,0.9778073056083196,0.977802841656959,0.9778089643233981,2522.7868835065265
4769.92431640625,0.9879339005407838,0.9789720340236775,0.978965919336065,0.9789741499891624,2567.9694074870586
4770.24609375,0.9974447338764287,0.9763764906331627,0.9763686758199509,0.97637928239922,2517.859268314418
4770.56787109375,0.9824713452827525,0.9703402447037072,0.9703312267798629,0.9703436832307293,2558.984800876062
4770.8896484375,0.9402994642692342,0.961493623903937,0.9614837967090506,0.9614977015911254,2556.985599627029
4771.21142578125,0.9189409149676716,0.9510211608055122,0.9510107484579536,0.9510258361681243,2570.315424222047
4771.533203125,0.9395374717787567,0.9402271943754523,0.9402167103872673,0.9402321634037523,2586.829328351622
4771.85498046875,0.922684578417369,0.9298456734475216,0.9298361648895077,0.9298503178569338,2607.6928658649754
4772.1767578125,0.926822530704262,0.920623099229409,0.9206156629386248,0.9206267991129217,2619.6076265244387
4772.498046875,0.9167892977037919,0.9148386138431657,0.9148336400302481,0.9148411648434255,2627.4710595179376
4772.81982421875,0.8809195269551091,0.9159469049645773,0.9159438375507172,0.9159486579867594,2635.6589154814133
4773.1416015625,0.9050258580235396,0.9256398036818918,0.9256375087041687,0.9256414836940328,2629.662965002344
4773.46337890625,0.9471332511929584,0.941549899934849,0.9415472704975165,0.9415522551086634,2515.687787672644
4773.78466796875,0.992064861993732,0.958675622723177,0.9586720613050042,0.9586790549294335,2196.8976502209316
4774.1064453125,1.0364278704838668,0.9727867261206544,0.9727823595367943,0.9727910476592736,2069.2426749280353
4774.4287109375,1.0695850974839314,0.9819601185584265,0.981955651305765,0.981964621624707,2074.833627507685
4774.75048828125,1.0548795714934909,0.9861783520768502,0.9861745714879774,0.9861822578949182,2140.9105392090714
4775.072265625,0.9891997568241822,0.9864368166166096,0.9864340943678654,0.9864397811826293,2313.1010918615366
4775.3935546875,0.9890462507743544,0.9842402133264578,0.9842383820643691,0.9842424703709222,2412.988693438311
4775.71533203125,0.9397349282667553,0.9813872464325183,0.9813858758257656,0.9813893064351596,2461.1277866103906
4776.037109375,0.9616005295040928,0.9795348281442643,0.9795335818608076,0.9795370407661441,2454.8441194202233
4776.359375,1.001654691284725,0.9794947092519126,0.9794935113451674,0.9794970338396727,2483.4500640355386
4776.6806640625,0.9974196113783395,0.9808312248935599,0.9808301724811589,0.9808333501767337,2478.3937519968003
4777.00244140625,1.0040003849470749,0.982302202036548,0.9823013564981269,0.9823038684725456,2452.2038061267453
4777.32421875,0.9764715462983927,0.9828752284366711,0.9828744255245141,0.9828765006689646,2494.44564716448
4777.64599609375,0.9719282374015437,0.9823572042235805,0.9823559384768358,0.9823585615017787,2468.9137360710947
4777.96728515625,0.9875194630480983,0.9809212577671645,0.9809186789727028,0.9809235109355197,2498.0610052652214
4778.28955078125,0.9857222209228268,0.9780513056065662,0.978046443487569,0.978055337911407,2523.7415238738085
4778.611328125,0.9545522211751651,0.9722541326149686,0.9722464721127324,0.9722604070264587,2518.6499674172655
4778.93310546875,0.9506202535645472,0.962189298520738,0.9621793352013878,0.9621973958055892,2541.4350710019016
4779.25439453125,0.927308871413743,0.9487166470408572,0.9487058479697511,0.9487252637385201,2548.5362860083555
4779.57666015625,0.9147585665196104,0.9357875722500918,0.9357775676046298,0.9357951562713788,2559.6953743399076
4779.8984375,0.9284637936894489,0.9289558397059666,0.9289475473164767,0.9289614070534821,2597.9834419328417
4780.22021484375,0.9317515516171154,0.9314119034128382,0.9314053083210545,0.9314154550757121,2585.910015877955
4780.54150390625,0.9168719713489266,0.941563134734372,0.9415572367632723,0.9415659480274187,2559.9696657051945
4780.86376953125,0.9669069618475864,0.9543852518185387,0.9543758836062971,0.9543920745003283,2555.054582145838
4781.185546875,0.9633539204077207,0.9648778369068368,0.9648481900938579,0.9649063847278574,2563.6658464842467
4781.50732421875,0.9654079156940412,0.97059876857375,0.9704934984874292,0.9707064242682066,2568.716983954578
4781.82861328125,0.9522635619245107,0.9710124224370743,0.9706903438003488,0.9713456106594593,2581.218216826946
4782.15087890625,0.9499760011807308,0.9657543796571652,0.9649414532256818,0.96659797378987,2553.874623404054
4782.47265625,0.9524364264968916,0.9544506499539627,0.9527783234842436,0.9561885032291348,2566.9839191887845
4782.79443359375,0.9463947654733289,0.9386593980644469,0.9358545262560102,0.9415765248780439,2564.340175230784
4783.11669921875,0.9187888298468586,0.9235636645450436,0.9197279055922364,0.9275546373201056,2591.3887989786354
4783.43798828125,0.9194829636984844,0.9162478763574303,0.9119753709348166,0.9206937540174158,2602.1319059232806
4783.759765625,0.9339808378744188,0.9206909776684249,0.9168111960082862,0.9247275023115498,2579.808530223204
4784.08203125,0.9466958991902577,0.9348274799715158,0.9319579000113254,0.9378117471425947,2590.6720363167256
4784.40380859375,0.9338608206102166,0.9520078340847036,0.9502775209108111,0.953806229248983,2585.5867993972306
4784.72509765625,0.9371856775621318,0.9652539256974363,0.9644024343504765,0.9661383544487253,2600.460939600998
4785.04736328125,0.9503516908947286,0.9697099669401137,0.9693690581697147,0.9700639340354347,2627.9418005988296
4785.369140625,0.93782900481828,0.9628392214482578,0.9627272962682931,0.9629555396233944,2646.2706250884657
4785.69091796875,0.9201490831832141,0.9451266408256656,0.9450955616996861,0.9451591704918519,2637.7616804509407
4786.0126953125,0.9233592926893681,0.9214837938117991,0.921474786902251,0.9214935895659601,2665.5733258619243
4786.33447265625,0.8952189845820374,0.9010028883733538,0.9009979991999816,0.9010086608871737,2692.7948069892063
4786.65625,0.9106969306942,0.8925652774568285,0.8925605738062701,0.8925711079650762,2681.4958789257207
4786.978515625,0.9052378811626659,0.8987671292686651,0.8987624340491069,0.8987730428769409,2663.1778065989774
4787.2998046875,0.9127512929490282,0.9138625407977038,0.9138582029783452,0.9138678779559825,2645.6016566807257
4787.6220703125,0.9335298738161608,0.9283083061605655,0.9283043352166233,0.9283127323744299,2613.884768327611
4787.94384765625,0.9426704233112307,0.9347886534363642,0.9347848057921084,0.93479223033387,2601.6496126782476
4788.265625,0.933188845795144,0.9314993466559153,0.9314955472982921,0.931502221277599,2594.2834033453832
4788.58740234375,0.9334771148531539,0.9213224958337201,0.9213190261037523,0.9213247044280382,2617.876501706999
4788.9091796875,0.9147599169294071,0.9098762528476262,0.9098735252065656,0.9098777798795538,2607.4481404166604
4789.2314453125,0.9045739765352478,0.90344607463197,0.9034442894886898,0.9034469856838745,2628.0668757567996
4789.55322265625,0.9281196702412885,0.9064478460799127,0.9064468708887086,0.9064483212424383,2623.180232029239
4789.875,0.9257204119856762,0.9188294846414715,0.918828986121848,0.9188297630994304,2590.2844230066303
4790.19677734375,0.9379145589799774,0.9358597844410651,0.9358593768839093,0.935860143063325,2583.1057136737104
4790.5185546875,0.9566326684049278,0.9511986332660006,0.9511979136833048,0.9511994300352711,2586.8055151311346
4790.8408203125,0.95844871164699,0.9608997644284333,0.9608983027389112,0.9609014623853552,2565.3670372011916
4791.16259765625,0.9870290986925324,0.9646739389462351,0.9646713722019575,0.964676981805981,2546.7878085410925
4791.484375,0.948579175492234,0.9642170734977766,0.9642132962493695,0.9642216395932381,2556.038863653605
4791.80615234375,0.9500310577914233,0.9610785041723304,0.9610737837479418,0.9610843339172458,2495.880429274126
4792.12841796875,0.9450393126607018,0.9562237098943812,0.9562185756539306,0.9562301979149116,2505.589838885665
4792.4501953125,0.9645624495151041,0.9505292612846079,0.9505242612075084,0.9505357294634558,2514.3344052652474
4792.77197265625,0.9559112040755475,0.9449068105957829,0.9449023266923665,0.9449127440380195,2532.3246824176153
4813.0576171875,0.9422406550282075,0.9338812584843013,0.9338768430181051,0.933883590577348,2602.6281462445213
4813.3798828125,0.9409153063617277,0.9361271017543275,0.9361237748258868,0.9361288441474881,2593.4263692435075
4813.7021484375,0.943564986551294,0.9387075666205383,0.9387050867188671,0.9387090316751118,2595.57894281352
4814.0234375,0.9712712460606471,0.9415003333327684,0.9414983221773029,0.9415019347692978,2540.7313964010723
4814.345703125,0.9594986631555351,0.9444146664104742,0.9444127050357628,0.944416813841991,2587.2057547712525
4814.66796875,0.9658659680359278,0.947440439961671,0.9474382530366877,0.9474433185562946,2585.0963930134435
4814.990234375,0.9563838689847624,0.9507175290252724,0.950715133895785,0.9507209187775775,2563.5437081004584
4815.3125,0.9360689473248844,0.9544683818744647,0.9544660114408543,0.9544717468729377,2563.3810817703434
4815.63427734375,0.931881432909268,0.9588414982560419,0.9588393271203879,0.9588443466042751,2541.457476200848
4815.95654296875,0.9404444685947232,0.9636681293884247,0.9636660698196233,0.9636703295873068,2558.853186403669
4816.27880859375,0.9771212579409909,0.9681494564495268,0.9681472149056856,0.9681512597279865,2578.8236427158345
4816.60107421875,0.9695512110669505,0.9709988632265475,0.9709961420355661,0.9710007193087759,2553.033010638174
4816.9228515625,0.9619934208781123,0.9711903781871049,0.9711869391071609,0.9711928292428585,2543.555998153461
4817.2451171875,0.9556687838049505,0.9689316381565157,0.9689271671262576,0.9689353513829224,2584.2196479417353
4817.5673828125,0.9376085364679335,0.9659340877525864,0.965928171888297,0.9659397425711337,2568.2651409782334
4817.8896484375,0.9419636344570016,0.9643960898638457,0.9643885329270668,0.964403940226076,2563.7325058351735
4818.2109375,0.9403739237556847,0.9653059815083946,0.9652971640038729,0.9653154320524491,2550.924139655615
4818.533203125,0.9525104322512796,0.9676686302716209,0.9676593501428761,0.9676784375222646,2517.9780035225617
4818.85546875,0.9410903541987513,0.9693856862337745,0.9693765681423538,0.9693947198799882,2516.4867352141096
4819.177734375,0.9461365854778842,0.9688719571090699,0.9688631115456232,0.9688798001360963,2527.862745436881
4819.49951171875,0.9548638705119835,0.9658824768864225,0.9658738263038453,0.9658892729192946,2510.6717415827543
4819.82177734375,0.9664149818389804,0.9613252436807078,0.9613169726216334,0.9613311774872568,2503.666750292751
4820.14404296875,0.9663064470357043,0.9568740720703452,0.9568665285899467,0.9568792089225372,2484.0997622677946
4820.46630859375,0.9836132983512037,0.9543913578508971,0.9543844006062583,0.9543960543306502,2458.7853783709998
4820.7880859375,0.9976679853995766,0.95490495326374,0.9548965555690726,0.9549112174206484,2469.6951033484074
4821.1103515625,0.9695362831599416,0.9576536396273193,0.95763495442717,0.9576702814686662,2478.497282755053
4821.4326171875,0.9537783552662044,0.9601719769107788,0.960111326814497,0.9602312562178554,2464.9164571023093
4821.7548828125,0.9931321866939153,0.9594595114440456,0.9592656163877517,0.9596554317937372,2471.0541138047633
4822.07666015625,1.0125921508752713,0.9532039344909385,0.9526746933265994,0.9537458013808673,2470.6184138830718
4822.3994140625,0.9975833887632143,0.9402844329173362,0.9390881637911066,0.9415168445977424,2493.6375045828386
4822.7216796875,0.9793763787025437,0.9214511758574631,0.9192412487917165,0.9237352147703111,2538.4138097307527
4823.0439453125,0.9087606706174403,0.9002039905660036,0.8968722197653183,0.9036535516846391,2570.0611338065537
4823.36572265625,0.8885247884056688,0.8830012043071015,0.8789067635823345,0.8872442793021799,2596.92860413528
4823.68798828125,0.9020065434188369,0.8763890474413454,0.8722865255899102,0.8806418605472142,2616.492614746189
4824.01025390625,0.9176138532466361,0.8826776771377807,0.8793270369708921,0.8861500332023599,2609.687745953702
4824.33251953125,0.9236079898008746,0.8978325892000306,0.8955986965927734,0.9001443706485238,2602.0904587991276
4824.65478515625,0.9281796951517501,0.9145321943995068,0.9133093357600207,0.9157920040514502,2593.052220480832
4824.9765625,0.9313763025950188,0.9275530131524267,0.9269906850952745,0.9281238925597608,2593.1511399499295
4825.298828125,0.9475092105731455,0.9365033307663336,0.9362700078767425,0.936729361418669,2571.178269318467
4825.62109375,0.9475018361569114,0.9436100778207543,0.9435041099338021,0.9437015206894867,2572.728651281561
4825.943359375,0.9337458135394422,0.9500783032387231,0.9500122905455604,0.9501272142787996,2529.857373634734
4826.26513671875,0.9628821421233996,0.9549817521804149,0.9549273723417183,0.9550184527340758,2495.3709906554645
4826.587890625,0.9699329356474237,0.9572010688515403,0.9571516675619651,0.9572330983790521,2505.254455025024
4826.91015625,0.9642578217178889,0.9570902159046117,0.9570463055049221,0.9571181358933967,2528.5581372615275
4827.232421875,0.968475760869857,0.9559712516179125,0.9559358757054064,0.9559935000022376,2533.5641029199974
4827.55419921875,0.9587154689271695,0.9543595194128176,0.9543349572840255,0.9543748653660563,2542.5544927931164
4827.87646484375,0.9328969560681503,0.9512663020454197,0.951252041909335,0.9512751687793398,2553.8063464810925
4828.19873046875,0.9323983683752387,0.9454828903173654,0.9454760455443264,0.9454871145065563,2588.0141571315144
4828.52099609375,0.9479914409059643,0.937663762534322,0.9376609982961153,0.9376654095427814,2580.907595122149
4828.8427734375,0.9333556989569434,0.9309662361332314,0.9309651358518656,0.9309667624782078,2571.4790753867546
4829.16552734375,0.9265773604479326,0.9289727360859575,0.9289720076281018,0.9289728830733284,2596.681096638539
4829.48779296875,0.947902648563434,0.9326370590778239,0.9326361364695912,0.9326371466809974,2579.246789625121
4829.81005859375,0.9515699505139473,0.9390525310139599,0.93905113902197,0.9390527841502112,2575.1714119988897
4830.1318359375,0.9489703903279468,0.9434710725519859,0.9434687844834533,0.9434719225279693,2552.128270667825
4830.4541015625,0.9584210559020493,0.9426614714816147,0.9426571866225583,0.9426638454666175,2566.590560154761
4830.77685546875,0.961015546385143,0.9369162639564658,0.9369079031791814,0.9369216866826466,2595.5962569277494
4831.09912109375,0.9385511875948002,0.9295292463833695,0.9295143164997443,0.9295393835375164,2591.6877185426815
4831.4208984375,0.9214699872964287,0.9239942782166337,0.9239713650114848,0.9240099416370925,2600.3573394670975
4831.7431640625,0.9279374152611083,0.9215035638716129,0.9214736286908932,0.9215239249194006,2626.851059319501
4832.0654296875,0.9172802334676491,0.9208877664771381,0.9208540163680626,0.9209105392633004,2631.199480924309
4832.38818359375,0.9095226300218713,0.9203151818060484,0.9202815421847931,0.9203376919944211,2600.4021554214605
4832.71044921875,0.9316166704624617,0.9187193772770642,0.9186889669476095,0.9187395673005798,2620.554097980432
5384.06982421875,0.9575047961408554,0.998938468113053,0.998938468113053,0.998938468113053,7504.221789771812
5384.39453125,0.9673024343996112,0.9989221328819823,0.9989221328819823,0.9989221328819823,7508.584680126771
5384.7197265625,0.9584197831164971,0.9989055060872418,0.9989055060872418,0.9989055060872418,7381.079284821153
5385.04443359375,0.9808233005555371,0.9988886400975399,0.9988886400975399,0.9988886400975399,7486.7197746305965
5385.36865234375,0.9712112281365786,0.9988715377194808,0.9988715377194808,0.9988715377194808,7375.677830548395
5385.69384765625,0.9926267873447238,0.9988541212204106,0.9988541212204106,0.9988541212204106,7341.986218804496
5386.01904296875,0.9837135424565042,0.9988364394114733,0.9988364394114733,0.9988364394114733,7353.90671317736
5386.34375,0.9673825031863514,0.9988185134144478,0.9988185134144478,0.9988185134144478,7328.966474849098
5386.66796875,0.9750269337621198,0.9988003329920409,0.9988003329920409,0.9988003329920409,7469.54843413019
5386.9931640625,0.9813010720979964,0.9987817960076575,0.9987817960076575,0.9987817960076575,7411.508711101566
5387.31787109375,0.9961086818651727,0.9987629548811194,0.9987629548811194,0.9987629548811194,7344.180960894761
5387.64306640625,0.9974832216848764,0.9987437070716324,0.9987437070716324,0.9987437070716324,7320.80168375496
5387.96728515625,0.9960989202756831,0.9987240734139522,0.9987240734139522,0.9987240734139522,7349.02332177799
5388.29248046875,0.9829064305904197,0.9987038398731038,0.9987038398731038,0.9987038398731038,7299.26107666033
5388.6171875,0.9897374934322146,0.9986829617858856,0.9986829617858856,0.9986829617858856,7321.41233239317
5388.9423828125,0.9899507801523504,0.9986611888708321,0.9986611888708321,0.9986611888708321,7311.405043455292
5389.2666015625,0.9875435577485294,0.9986383644633331,0.9986383644633331,0.9986383644633331,7512.445251660759
5389.591796875,0.9802220510217083,0.9986139996367933,0.9986139996367933,0.9986139996367933,7399.067446886896
5389.91650390625,0.9776457035311789,0.9985877252514067,0.9985877252514067,0.9985877252514067,7477.31736635649
5390.24169921875,0.978959807791968,0.9985588200510256,0.9985588200510256,0.9985588200510256,7482.6903247599075
5390.56591796875,0.9907360081218677,0.9985265634701183,0.9985265634701183,0.9985265634701183,7403.743419195481
5390.890625,0.9816194444441894,0.9984896740475792,0.9984896740475792,0.9984896740475792,7350.913428975203
5391.2158203125,0.962885134563084,0.9984466073835488,0.9984466073835488,0.9984466073835488,7358.513439837219
5391.541015625,0.9798821150371737,0.9983953944953646,0.9983953944953646,0.9983953944953646,7642.856771735451
5391.865234375,0.965209026435923,0.99833357651696,0.99833357651696,0.99833357651696,7660.848680802262
5392.18994140625,0.9427062118529776,0.9982574184495528,0.9982574184495528,0.9982574184495528,7599.586688368243
5392.51513671875,0.9448351482421683,0.9981622899579947,0.9981622899579947,0.9981622899579947,7705.473777891358
5392.83984375,0.9293443144040006,0.9980425347008643,0.9980425347008643,0.9980425347008643,7739.804659384053
5393.1650390625,0.9374971668009281,0.997890069281387,0.997890069281387,0.997890069281387,7783.5572704408705
5393.4892578125,0.9394048526240178,0.9976957325647126,0.9976957325647126,0.9976957325647126,7754.703214726981
5393.814453125,0.953042386481353,0.99744557358135,0.99744557358135,0.99744557358135,7690.049555589721
5394.13916015625,0.9473562382735214,0.9971243123408803,0.9971243123408803,0.9971243123408803,7550.543930597122
5394.46435546875,0.9594583158097169,0.9967103124355178,0.9967103124355178,0.9967103124355178,7696.600645760557
5394.78857421875,0.9690192275091586,0.9961798230131638,0.9961798230131638,0.9961798230131638,7643.726976625036
5395.11376953125,0.9670543728616419,0.995497462095543,0.995497462095543,0.995497462095543,7536.340019350796
5395.4384765625,0.9891920205499733,0.9946265601136991,0.9946265601136991,0.9946265601136991,7591.454238563335
5395.763671875,0.9711686542747843,0.9935168768939914,0.9935168768939914,0.9935168768939914,7648.503515576244
5396.087890625,0.9479282704974795,0.9921180523141628,0.9921180523141624,0.9921180523141632,7619.071590242357
5396.41259765625,0.9108457916869306,0.9903604133968534,0.9903604133968509,0.9903604133968549,7914.530170919419
5396.73779296875,0.8770383365036148,0.9881719821694909,0.9881719821694785,0.9881719821694989,8068.996531788706
5397.06298828125,0.8661002073972525,0.9854829090722178,0.9854829090721577,0.985482909072257,8185.556242904427
5397.38720703125,0.8582666641823045,0.982238499572411,0.9822384995721257,0.9822384995725978,8178.3624242485985
5397.7119140625,0.8760385993360462,0.9783815680214529,0.9783815680201065,0.9783815680223372,8316.935243967155
5398.037109375,0.9080732580954983,0.9739097269037192,0.9739097268974346,0.9739097269078635,8116.864890616515
5398.36181640625,0.95845147183389,0.9689149318090661,0.9689149317802769,0.9689149318281274,7754.475099748202
5398.6865234375,0.9785699699202335,0.9635936660913984,0.9635936659621805,0.9635936661772893,7460.942267857089
5399.01123046875,0.9835675855713687,0.9583282718775067,0.9583282713123832,0.9583282722545887,7504.857958977662
5399.33642578125,0.9967035196721443,0.9537254552348398,0.9537254528395525,0.9537254568391285,7608.167630142322
5399.6611328125,0.9844487478816581,0.9506546332731468,0.9506546235766205,0.9506546397914606,7600.09756110417
5399.98583984375,0.9586005248404462,0.9501092428938887,0.9501092058409659,0.9501092678916132,7472.694608406846
5400.310546875,0.9556257694514944,0.952945670609451,0.952945539401486,0.9529457594400895,7577.34091276165
5400.6357421875,0.9478159704547479,0.9593689237788332,0.959368502432775,0.9593692100217661,7711.845253973227
5400.96044921875,0.9530479937336557,0.9683464885571454,0.9683452984440841,0.968347299784019,7602.013540956983
5401.28515625,0.9627243424348948,0.9776463209203182,0.9776434395308802,0.9776482914475918,7658.543947030775
5401.60986328125,0.9729747288691862,0.9847038892620292,0.984698050421491,0.984707895183499,7203.3443379113905
5401.93505859375,0.9756444629504389,0.9878547308416974,0.987844985847569,0.987861437783377,7047.612035758729
5402.259765625,0.9726812865739421,0.9865735692453311,0.9865603171637755,0.9865827180177988,7021.923870944292
5402.58447265625,0.9595243580842149,0.9805409303275209,0.9805262915147682,0.9805510669338326,6774.855103480908
5402.9091796875,0.9368883406174172,0.9689256726730646,0.9689125529919635,0.9689347843271602,6686.766752636469
5403.234375,0.9643888124135785,0.9515858459351193,0.9515763030712591,0.9515924937011099,7019.387709327728
5403.55908203125,0.9478018548850408,0.9316467618435371,0.9316410545718573,0.9316507543342885,7412.60512204877
5403.88427734375,0.9320993793454464,0.9153301447996565,0.9153270358873916,0.9153323482571615,7784.544617925782
5404.20849609375,0.9277456854868281,0.907225346058539,0.9072227197094331,0.90722727975791,7966.206749000082
5404.533203125,0.9068793590081621,0.9045019467436107,0.9044966532872089,0.90450592885817,7950.275007274354
5404.8583984375,0.9092033690909335,0.898818877197679,0.8988048942067519,0.898829369766963,7947.049303662967
5405.18359375,0.8918056192637397,0.8858673029446766,0.8858302001074408,0.8858949205765091,8004.677710982898
5405.5078125,0.8727773066464494,0.8724649867794549,0.8723673986167839,0.8725370526733165,8288.034026684367
5405.83251953125,0.8687949446706885,0.8712436572038551,0.8709965510705463,0.8714251815937611,8273.91214943042
5406.15771484375,0.8754034206927555,0.8884062127960757,0.887841645730418,0.8888198793667923,7968.583461448471
5406.48291015625,0.9195200570285427,0.9176254572695797,0.9165227106914419,0.9184326390266457,7966.188013920404
5406.80712890625,0.9448920971532132,0.9464697197989426,0.9446829710062569,0.9477771464440857,7957.585173299865
5407.1318359375,0.9560560747002661,0.966898536819237,0.9645227271929109,0.9686368568582117,7674.535553091111
5407.45703125,0.9570261641935115,0.978130676855512,0.9755552498447962,0.98001500638106,7645.38435426823
5407.78173828125,0.9550238164266515,0.9829033163595123,0.9806332018283399,0.9845641909193755,7665.274226854712
5408.1064453125,0.9642364987221124,0.9827071200316869,0.9810811414941604,0.9838966063968381,7618.521861846156
5408.43115234375,0.9722604160226291,0.9764041072046367,0.9754580789646208,0.9770960162111848,7568.495478964164
5408.75634765625,0.9816721902790853,0.9623669171012469,0.9619203271468244,0.9626933348304975,7719.969909600197
5409.0810546875,0.9447297756859984,0.941922662522191,0.9417509859196862,0.9420478267450771,7614.6690613845
5409.40576171875,0.926486910180315,0.9207553708290463,0.9207012716099693,0.9207943406877465,7830.062840698026
5409.73046875,0.9106469246608422,0.9063504124892797,0.906335889489867,0.9063602641107615,7776.263814456469
5410.0556640625,0.9190468513812953,0.902848152151165,0.9028442616510384,0.902850169516124,7945.270527277944
5410.38037109375,0.9029285991009218,0.908894476977672,0.9088930163224715,0.9088948165494932,8057.965609097188
5410.705078125,0.9078264828190098,0.9207353052559452,0.9207344918361967,0.9207353778891383,7840.366335576341
5411.02978515625,0.9334323703095494,0.9359014243294564,0.9359007635860329,0.9359015984417085,7910.222551317407
5411.35498046875,0.9516790088360931,0.9529182803223916,0.9529168715176142,0.9529191358068932,7837.423629546589
5411.6796875,0.9522712752452465,0.9692554219203682,0.9692503882797807,0.9692589194418553,7532.0708815064645
5412.00439453125,0.965051252898167,0.9819062640227391,0.9818898125998882,0.9819178628287456,7616.906853303093
5412.3291015625,0.9932592021999439,0.9893042060487683,0.9892600722189283,0.9893353967046501,7568.876487597094
5412.654296875,1.0034722809839245,0.9919552114700133,0.9918589978437412,0.9920232941348579,7642.611021239398
5412.97900390625,0.9836092046181703,0.9912343689333353,0.9910644933518397,0.9913547154268667,7417.723197785104
5413.3037109375,0.9843640176412527,0.988112638171344,0.9878694237205117,0.9882851404990933,7400.941459680319
5413.62841796875,0.9886199653641278,0.9826977048728018,0.9824153417382847,0.9828982091374647,7497.197050448486
5413.953125,0.984697516943015,0.97446064147368,0.9741948221681327,0.9746496242216234,7622.457695569233
5414.2783203125,0.9603786225158876,0.9630951100531584,0.9628923043769609,0.9632394709414249,7616.9296764272485
5414.60302734375,0.942154561933693,0.9502528661367555,0.9501273667210548,0.9503423120217053,7694.567235623642
5414.927734375,0.9343155111618228,0.9404155453428684,0.9403525710334996,0.9404604872056443,7864.9224236738755
5415.25244140625,0.9349764570231984,0.9388678272938659,0.9388422033883103,0.9388861388671605,7804.485299642503
5415.57763671875,0.938560108557698,0.9473462548718699,0.9473378157971196,0.9473522943134582,7671.559080750918
5415.90234375,0.9532392781074086,0.9620289055050554,0.9620266483544375,0.9620305232718115,7648.928083718975
5416.22705078125,0.9631922546962886,0.9766194374045898,0.9766189478641758,0.9766197888328725,7634.446640743133
5416.5517578125,0.9765682658453456,0.9868053874851782,0.9868052988163346,0.9868054513387606,7539.751012725488
5416.876953125,0.982976592696888,0.9916899486561189,0.9916899088627792,0.9916899782407395,7478.918160176614
5417.20166015625,0.9985905039548314,0.9919675427658252,0.9919673089404806,0.9919677188383621,7495.139736255832
5417.5263671875,1.0073314313804171,0.9880218233312545,0.9880202308951314,0.9880230222897067,7499.330886383472
5417.85107421875,0.9844762143121166,0.97999772490538,0.9799888642128054,0.9800043949776398,7472.787365520753
5418.17626953125,0.9673168076835205,0.969485385448471,0.9694452539937541,0.9695155935998567,7679.075259085586
5418.5009765625,0.9412927895069941,0.9604414492661548,0.9602941848018781,0.9605523029837155,7745.410571318198
5418.82568359375,0.9318904978775766,0.9571139075209842,0.9566750204745019,0.9574443076623557,7815.629290718401
5419.150390625,0.9345770981045425,0.9606248940832033,0.9595626019354085,0.9614246888072888,7850.239124507343
5419.4755859375,0.9453398366856562,0.9678974803184366,0.9658075076163284,0.9694712002163203,7617.396796616912
5419.80029296875,0.9737657937637815,0.9745038166081333,0.9711683522537026,0.9770156819324406,7799.044547458126
5420.125,1.0026774472446722,0.9783763446388513,0.9740532319260427,0.9816323878593048,7665.383689542158
5420.44970703125,0.9680158668125279,0.980362480076027,0.9758119976423939,0.9837902385254461,7406.709816975556
5420.77490234375,0.9809902231998298,0.9821262622814477,0.9782379238512131,0.9850558164671885,7459.228478503208
5421.099609375,0.9846193580724147,0.9843293610524013,0.9816308981103183,0.98636322993784,7505.944043594481
5421.42431640625,0.9777904437506786,0.9866529623706369,0.9851321547551006,0.987800328940675,7549.229790547169
5421.7490234375,0.9757792683508412,0.9886006361859699,0.9879046014685844,0.9891271445384018,7548.087214855643
5422.07421875,0.9439882158235131,0.9897470569927795,0.989488792705584,0.9899438617783612,7534.777514892895
5422.39892578125,0.9696692650777878,0.989244136647237,0.9891662147979174,0.9893047383100633,7691.9571265295635
5422.7236328125,0.9864633890887419,0.9853903226536863,0.9853712316546555,0.9854060122675128,7727.602445039401
5423.04833984375,0.9629214557404193,0.9762267206075537,0.9762229222182291,0.9762303124253704,7758.497324031101
5423.373046875,0.9671176904070302,0.9615392831499715,0.9615386672121705,0.9615400777876761,7284.073316536269
5423.6982421875,0.9657871694265197,0.9447623757045294,0.9447622820726698,0.9447625661195486,7128.725826175435
5424.0224609375,0.9352953489058546,0.9322761729846385,0.9322761038163079,0.9322762548158388,7064.418910530252
5424.34765625,0.9247899640548192,0.9291587216582526,0.929158498404356,0.92915887570317,6896.972196917372
5424.67236328125,0.9371752218003773,0.9357996842807873,0.9357990205819389,0.9358001215834935,6943.084969094958
5424.99755859375,0.9448223169573762,0.948188392832002,0.9481867886974344,0.9481894580067307,7511.331911013833
5425.322265625,0.9399514231565145,0.9613861087644903,0.961382969373531,0.9613882291623644,7693.825819544514
5425.64697265625,0.97972291371963,0.9724214643723671,0.9724164820625809,0.9724249275109267,7674.510814006538
5425.9716796875,0.970485172727309,0.9805686695515381,0.9805622574754763,0.9805733571628611,7459.146745500455
5426.296875,0.9817613935665472,0.9863686171190361,0.986361925819965,0.9863739686588475,7528.422316475719
5426.62158203125,0.9780564519864592,0.9905714197702453,0.9905657585208656,0.9905767061857124,7670.786513167804
5426.9462890625,0.9779480660005551,0.9935994078782179,0.993595523672672,0.9936040680040309,7529.29992011068
5427.27099609375,0.993754020903001,0.9953346323837785,0.9953324712485467,0.9953383909422893,7583.127480993437
5427.59619140625,0.9955256437564025,0.9950123864937352,0.995011412704086,0.9950152030598157,7637.3771252412125
5427.9208984375,0.9799249160625738,0.9907803272048806,0.9907799710038991,0.9907823529823097,7518.089096566095
5428.24560546875,0.9825120696369313,0.9793061615536558,0.9793060558876825,0.9793076870591606,7746.282460073239
5428.5703125,0.9592929707692195,0.9569643444149827,0.9569643189901829,0.9569656673897688,7935.0887778857
5428.8955078125,0.927489708246398,0.9237023514293192,0.9237023464767501,0.9237036154398438,8092.17698688587
5429.22021484375,0.8640434174886424,0.8874396323496123,0.8874396315629222,0.8874407882886427,8263.848320828805
5429.544921875,0.8553037143028059,0.8620710489641801,0.8620710488618863,0.8620719702668582,8242.016229369014
5429.86962890625,0.8527531962746834,0.8583623815540337,0.8583623815430069,0.8583630030773269,8230.04667832622
5430.19482421875,0.882744968924052,0.8757995520583143,0.8757995520583143,0.8757999087202294,8249.64045707843
5430.51953125,0.9186321746887316,0.9044262684592824,0.9044262684592824,0.904426446653718,8174.527764323685
5430.84423828125,0.9330761358839292,0.9334552466301903,0.9334552466301903,0.9334553261565998,7839.488446894494
5431.1689453125,0.9746655011265335,0.9567357033528493,0.9567357033528493,0.9567357358601078,7717.628869383608
5431.49365234375,0.9708245259616688,0.9728851398792072,0.9728851398792072,0.9728851523061183,7686.53096512994
5431.81884765625,0.9772519134516635,0.9830721929742707,0.9830721929742707,0.9830721974824873,7769.131812608432
5432.14306640625,0.9503667976286465,0.9890694163868358,0.9890694163868358,0.9890694179650427,7687.37736657705
5432.46826171875,0.9542965597717531,0.9924759062874818,0.9924759062874818,0.9924759068219775,7665.680019875915
5432.79296875,0.9519658464792815,0.9943590872341476,0.9943590872341476,0.9943590874112618,7763.982402861446
5433.1181640625,0.9444547544042029,0.9954032634462551,0.9954032634462551,0.9954032635037638,7797.0538033882995
5433.4423828125,0.9324234951466309,0.9959963894411942,0.9959963894411942,0.9959963894596512,7900.7192015649025
5433.767578125,0.9393603923349362,0.9963579234839519,0.9963579234839519,0.9963579234897829,7980.5390480469505
5434.09228515625,0.8987032649188254,0.9966000656608827,0.9966000656608827,0.9966000656627093,8163.446420687488
5434.41748046875,0.8867650366307422,0.9967824882230426,0.9967824882230426,0.9967824882236089,8201.739759523085
5434.74169921875,0.8800869057543248,0.996933772688597,0.996933772688597,0.9969337726887717,8048.254949681081
5435.06689453125,0.8963537674443923,0.9970689917001355,0.9970689917001355,0.9970689917001889,8201.654796489078
5435.3916015625,0.9248000037926137,0.9971940078383955,0.9971940078383955,0.9971940078384118,8135.881767277821
5435.716796875,0.9422126619529084,0.9973119863591174,0.9973119863591174,0.9973119863591223,8013.967399853214
5436.04150390625,0.9267622396479817,0.9974236078102675,0.9974236078102675,0.997423607810269,7876.517339795635
5436.3662109375,0.9285347130298576,0.9975293237764677,0.9975293237764677,0.9975293237764682,7710.893981434883
5436.69091796875,0.9508622445075798,0.997629115006238,0.997629115006238,0.997629115006238,7909.22525956337
5437.01611328125,0.9563981904376064,0.997723030756922,0.997723030756922,0.9977230307569223,7785.1698615144605
5437.3408203125,0.9774529906539763,0.9978107292743175,0.9978107292743175,0.9978107292743176,7569.685708339414
5437.6650390625,0.9688029795200295,0.9978922406585286,0.9978922406585286,0.9978922406585286,7655.545343392787
5437.990234375,0.987226850896237,0.9979679912004672,0.9979679912004672,0.9979679912004672,7716.017345821993
5438.31494140625,0.9887538222063952,0.99803776077451,0.99803776077451,0.99803776077451,7542.187428314304
5438.64013671875,0.9925517765455517,0.9981019466642879,0.9981019466642879,0.9981019466642879,7522.456198524191
5438.96435546875,0.9850931398994273,0.9981604997329848,0.9981604997329848,0.9981604997329848,7477.233796591795
5439.28955078125,0.9806391213457266,0.9982140304423708,0.9982140304423708,0.9982140304423708,7553.130759294014
5439.6142578125,0.9854018061970163,0.998262563378082,0.998262563378082,0.998262563378082,7771.165426670417
5439.939453125,0.9851687860981363,0.9983065344635603,0.9983065344635603,0.9983065344635603,7503.7541506257285
5440.263671875,1.0063333151050202,0.9983460497047961,0.9983460497047961,0.9983460497047961,7582.757942134237
5440.5888671875,0.9918988455139153,0.998381641478148,0.998381641478148,0.998381641478148,7610.685237730456
5440.91357421875,0.9888117569336392,0.9984134297291103,0.9984134297291103,0.9984134297291103,7529.262354414792
5441.23876953125,0.9910722274781723,0.9984417922938609,0.9984417922938609,0.9984417922938609,7516.8812406808165
5441.56298828125,0.969408804572742,0.9984668798783324,0.9984668798783324,0.9984668798783324,7418.500513251791
5441.88818359375,1.0002260684187907,0.9984891031998879,0.9984891031998879,0.9984891031998879,7650.051164440643
5506.19677734375,0.9254983275198845,0.870508420327907,0.8705084203266829,0.870508420327907,8100.726348453183
5506.521484375,0.8932319415453082,0.8745338582851849,0.874533858266699,0.8745338582878426,8251.835956336417
5506.8466796875,0.8986934308518202,0.8896149730971961,0.8896149729592018,0.889614973118355,8348.890709169345
5507.1708984375,0.9178324267026231,0.9138240256672245,0.9138240247632785,0.9138240258145967,8250.536460185429
5507.49560546875,0.9535142905353782,0.9414128911663184,0.9414128860668565,0.9414128920478182,8094.187679473829
5507.82080078125,0.962268293502225,0.9650743780467844,0.9650743538684026,0.9650743824657151,8071.846749099181
5508.1455078125,0.9869383970121548,0.9800664087857026,0.9800663144532149,0.9800664269597889,7989.588651645239
5508.47021484375,0.9901987106767179,0.9860442183985768,0.9860439175172679,0.986044279327474,7886.640377988639
5508.794921875,0.965580447089628,0.9851282396763493,0.9851274580765704,0.9851284055391442,7870.88865497455
5509.11962890625,0.9761386309023186,0.9799826898707094,0.9799810379518642,0.9799830560267603,7887.910439932641
5509.4443359375,0.9797164582250295,0.9736368401950739,0.9736339982386479,0.9736374954745207,7716.922851348895
5509.76953125,0.9895507548419435,0.9695338324059628,0.9695298425032008,0.9695347833901151,7901.184335387392
5510.09375,0.9945091258736072,0.9701292424881437,0.9701246499392732,0.9701303603248526,7911.241191431735
5510.41845703125,0.9829212527806985,0.9750640324654705,0.9750596316363581,0.9750650979913934,7858.337965688766
5510.74365234375,0.9843874888506035,0.9812651801324984,0.9812615574845842,0.9812660029788575,7760.442476109755
5511.068359375,0.9963210554321758,0.9849102272923198,0.9849075065851939,0.9849107424968047,7823.46786117601
5511.392578125,0.9835341160825136,0.9835730430848688,0.9835710394676811,0.9835733048778927,7813.708102295803
5511.7177734375,0.9908041402015076,0.9771091228380692,0.9771076405173575,0.977109230415197,7986.506169374072
5512.04248046875,0.9591078305464524,0.9677878825750758,0.9677868327875008,0.9677879184506923,7920.270014281179
5512.3671875,0.9602077519289703,0.9594156854083803,0.959415024055179,0.9594156951070036,7910.794795957636
5512.69189453125,0.9582007634372046,0.9553328471720878,0.9553324946588729,0.9553328493031366,8090.097273469875
5513.0166015625,0.9546673939670394,0.9560145372628543,0.9560143806100562,0.9560145388391785,8067.391365960266
5513.34130859375,0.9684987122723581,0.9585562702381575,0.9585561984565831,0.9585562822802411,8125.661096443143
5513.66650390625,0.9660379461262755,0.9592682184439856,0.959268069640278,0.9592683163731037,8131.937596288154
5513.99072265625,0.9575819264724982,0.9573969682969838,0.9573960832929631,0.9573976154040182,7974.277005283833
5514.3154296875,0.9696730571273005,0.9560791955900341,0.956074427494533,0.9560826834305272,7953.76954552472
5514.64013671875,0.9610056834981787,0.9592036830734717,0.9591827492796279,0.9592189610311466,8021.0932626170015
5514.96533203125,0.9760458479319509,0.9674528455060979,0.9673781114763167,0.9675073059428684,8088.262659014572
5515.28955078125,0.9800624869929492,0.9776804815547739,0.9774647009673554,0.9778375883679167,7826.80096100967
5515.6142578125,0.9959917953725033,0.9860006623791624,0.9854941217280526,0.9863693027717763,8073.829419578023
5515.939453125,0.9947140494290212,0.9905390376098133,0.9895731715079757,0.9912418476510895,7902.127796930908
5516.26416015625,0.9882824128613613,0.9919376940181761,0.9904446222050258,0.9930241710095258,7746.4282886578985
5516.58837890625,0.9919839985897013,0.992023290956911,0.9901503779213185,0.9933864202751903,7787.250738592337
5516.91357421875,1.0102707404142084,0.992298771780859,0.9903912373370178,0.9936875069822235,7919.830444989986
5517.23828125,0.9945688179923893,0.9932676088299038,0.9916910457951169,0.9944158447394811,7750.3994124955925
5517.56298828125,0.9841214179572069,0.9946093762170092,0.9935517685473375,0.995380052385873,7798.725540469163
5517.8876953125,0.9871746658764577,0.9958102614789973,0.9952343853891309,0.9962302002428363,7769.837834334965
5518.21240234375,0.9894116544004217,0.9966553980455749,0.9964008490628788,0.9968412207077137,7918.427048104326
5518.537109375,0.9941225171896775,0.9972543220935699,0.9971629198595408,0.9973212110409003,7853.7327763102285
5518.86181640625,0.9884930355445677,0.9977636023445361,0.9977367552733817,0.9977835053323709,7784.287915921934
5519.18701171875,0.9995104974329871,0.9981767921457458,0.9981698855519194,0.9981824680468083,7849.534918727401
5519.51123046875,0.9960935257238337,0.9983509492557424,0.9983484303418991,0.9983540448503632,7636.795278204161
5519.8359375,0.9955891179746007,0.9981755970238556,0.9981731922463122,0.9981794496771446,7584.417533893463
5520.1611328125,1.00336642316421,0.9976849388985991,0.9976818749899168,0.9976900330226429,7714.358441045356
5520.48583984375,0.9998344936511389,0.9970532515253083,0.9970498703534669,0.997058879423513,7865.037012262629
5520.81005859375,1.000808409951291,0.9964745468095833,0.9964715016258238,0.9964796054022571,7879.020467985762
5521.13525390625,0.995367810622121,0.9960142125342145,0.9960119889432163,0.9960178989092552,7731.027986330009
5521.4599609375,0.9951188146359141,0.9955468366295346,0.995545519924323,0.9955490159732991,7720.487375667118
5521.78466796875,0.9964524617787414,0.9948506939513057,0.9948500618641678,0.9948517388331729,7932.109077193771
5522.10888671875,0.9818174477444467,0.9938323210570718,0.993832074677502,0.9938327279748168,8011.431586315705
5522.43408203125,0.9718252108001252,0.9926448373232634,0.9926447597133005,0.9926449654341598,7885.126339039812
5522.7587890625,0.9901661240186626,0.9916199669279835,0.9916199470775716,0.9916199996891066,7939.146158456408
5523.08349609375,0.981123172159093,0.9910529445279685,0.9910529404119622,0.9910529513221489,7893.674137277797
5523.408203125,0.9840329860968031,0.9910324118389767,0.9910324111470871,0.9910324129816405,7870.6543647895705
5523.73291015625,0.9914477626661254,0.9913041370544678,0.9913041369601808,0.9913041372103156,7893.0568716123635
5524.0576171875,1.007988872435669,0.9912424004254694,0.991242400415053,0.9912424004427072,7870.415834063913
5524.38232421875,0.9846332099658507,0.990076253393119,0.990076253392186,0.990076253394472,7862.292197832647
5524.70703125,0.9997428439005792,0.987342704012838,0.987342704012838,0.987342704012838,8030.482942945103
5525.03173828125,0.9937063245402865,0.9831306563950101,0.9831306563858128,0.9831306563982617,7943.033784422486
5525.3564453125,0.9887552509342065,0.9776531529521182,0.9776531528657575,0.9776531529817438,7986.437925059445
5525.68115234375,0.9740648136841512,0.9706047020422198,0.9706047013847624,0.9706047022610182,8029.185532808875
5526.005859375,0.9559021194412107,0.9616331380730176,0.9616331340149871,0.9616331393828884,8133.998414308463
5526.33056640625,0.9475486875584463,0.9519696099291497,0.9519695896215262,0.9519696162856579,8266.688954965379
5526.6552734375,0.9307542031462935,0.944645397328782,0.9446453149340853,0.9446454223330985,8234.792038646552
5526.98046875,0.9273857273233884,0.9414890658059027,0.9414887943214134,0.9414891456616481,8331.989273876236
5527.3046875,0.9305755981112046,0.9401352919571121,0.940134569071813,0.9401354980325725,8457.756435648627
5527.62939453125,0.9134891219751834,0.9360682945437224,0.9360667313974026,0.9360687263025222,8440.42805584948
5527.9541015625,0.9025170502132975,0.9286575621386132,0.9286548216576572,0.9286582954058797,8544.882084850251
5528.279296875,0.912315846732975,0.923566303410989,0.9235624065762423,0.9235673131977522,8533.806102553077
5528.603515625,0.9146341557574799,0.9276009039002181,0.9275964146676938,0.9276020303790732,8462.106516701655
5528.92822265625,0.9237673643958927,0.9416349445744226,0.9416307499766912,0.941635963547452,8289.176975825569
5529.2529296875,0.9480517481519369,0.9597838279342897,0.9597806502868601,0.9597845750858168,8281.424093251104
5529.578125,0.9591299407649088,0.9749040962370118,0.9749021462178376,0.9749045399234324,8095.679340663059
5529.90283203125,0.9585606342688306,0.9836527831109165,0.9836518120398983,0.9836529970247186,7965.82735473634
5530.22705078125,0.9802245514004253,0.9871347037239742,0.9871343088533838,0.9871347890100163,7940.823949450516
5530.5517578125,1.0012555310117233,0.988249937380716,0.9882497939553473,0.9882499744401415,8022.267589205617
5530.876953125,0.9902374670606849,0.9892568493788668,0.9892567414787649,0.9892569090418484,7786.350860495795
5531.20166015625,1.0027929625195982,0.9907944037292941,0.9907941015564025,0.9907946184206384,7799.15119177124
5531.52587890625,1.0055083333021648,0.9922012877624392,0.9922003337545564,0.9922019842729929,7835.328761804517
5531.8505859375,0.9894739862798202,0.9925679217965446,0.9925654203781649,0.9925697685114412,7961.530333404109
5532.17578125,0.9951200943977734,0.9916850663848914,0.9916797360304296,0.991689041828954,7801.487897550956
5532.50048828125,1.0028803197193352,0.9902546295779763,0.9902454297683824,0.9902615599947845,7875.197491532434
5532.82470703125,1.0004120227562858,0.9891896723429859,0.9891768006144789,0.9891994655807193,7964.54055055984
5533.1494140625,0.9921789501625546,0.9886118310836368,0.9885972171300081,0.9886230600666603,8036.923958408533
5533.474609375,0.9719411443593434,0.9874151743935103,0.987401722827104,0.9874256120155929,7951.752145117724
5533.79931640625,0.9703402669654201,0.9839227748388589,0.983912731531007,0.9839306432420066,8029.484086323953
5534.12353515625,0.9699328505385935,0.9773924822501131,0.9773863782684099,0.9773973061570913,8177.981874208672
5534.4482421875,0.9598610469695136,0.9692484948976074,0.9692454057498778,0.9692509389323154,8178.482666979866
5534.7734375,0.9524325033882547,0.9628872080485456,0.9628855813078836,0.9628884297834888,8143.468859137725
5535.09814453125,0.9392282129136451,0.961603589853096,0.9616014192613154,0.9616050468199232,8107.13490249256
5535.42236328125,0.9535626787553257,0.966183143203345,0.9661760994479597,0.9661879151057599,8135.385589546441
5535.7470703125,0.9724256689268861,0.9745054008741527,0.9744805903313168,0.9745227311250249,8179.351034398383
5536.072265625,0.9809927615757852,0.9831744278190359,0.9830971880801629,0.9832293407876233,7998.526688522587
5536.39697265625,0.9718524085821346,0.989613576990077,0.9894116094089179,0.9897584102990463,7873.209404156085
5536.72119140625,1.0033246899664465,0.9930636829433556,0.9926284710847726,0.99337705935324,7999.886004246994
5537.0458984375,0.9938744376358092,0.994147350566793,0.9933797333937142,0.9947011693821558,8002.546900332589
5537.37060546875,0.976478324226456,0.9940294392006646,0.9929272012814552,0.9948254664916818,7997.692431280742
5537.69580078125,0.9955634356630662,0.9937966741388131,0.9925103291025212,0.9947261320273747,8003.436512046819
5538.02001953125,0.9779920080442428,0.9940452720383499,0.992826341705014,0.9949261939902087,8001.292242315797
5538.3447265625,0.998565716110809,0.9947547379821479,0.9938168586242312,0.9954324546266906,7893.829770878624
5538.66943359375,0.9933634385375225,0.9955583014364784,0.994972309325406,0.9959814413416419,7859.275481714068
5538.99462890625,1.0090775592277887,0.9962026170982451,0.9959054760688971,0.9964167640319899,7866.822869514692
5539.3193359375,1.0091183949672713,0.996739830277104,0.9966171189772928,0.9968278559246989,7711.494519242954
5539.6435546875,0.9776346390441644,0.9973370917598847,0.9972956433026232,0.9973665074208561,7686.1864554773665
5539.96826171875,0.987383820266024,0.9980203094795523,0.9980088122790711,0.9980282743921115,7667.390770184849
5540.29296875,0.99588019533076,0.9986492770521767,0.9986466137409379,0.9986510271423372,7694.040957505975
5540.6181640625,0.9657591443623477,0.9990708103133473,0.9990702813134202,0.9990711214976268,7569.889575331599
5540.9423828125,0.9749807454314587,0.9992073592699351,0.9992072643605966,0.9992074044171858,7625.569919622718
5541.26708984375,0.9972655938708224,0.998996725916486,0.9989967099454589,0.9989967312169384,7647.392485092182
5541.591796875,1.017072134994474,0.9982396175606528,0.998239615002463,0.9982396180639109,7674.597442364961
5541.91650390625,0.9939514337744224,0.9965415167703455,0.9965415164449147,0.9965415167703455,7567.272332138533
5542.2412109375,0.9975028249052432,0.9935312898573573,0.9935312898112874,0.9935312898573573,7516.522386081505
5542.56591796875,0.9930327298478834,0.9893428840177226,0.9893428840124358,0.9893428840177226,7544.724649590868
5542.890625,0.9635093612852724,0.9849223420314882,0.9849223420309965,0.9849223420314882,7475.656221217302
5543.21533203125,0.963984097164357,0.9816654827878022,0.9816654827878022,0.9816654827878022,7610.3230089133385
5543.53955078125,0.9761629717106916,0.9805752396645984,0.9805752396645984,0.9805752396645984,7820.044861463268
5543.86474609375,0.9871258287929995,0.9817316542970872,0.9817316542970872,0.9817316542970872,7928.435197487959
5544.189453125,0.9826692297832275,0.9844547197823597,0.9844547197823597,0.9844547197823597,7945.565836785665
5544.51416015625,0.9829593717265702,0.9877672293871451,0.9877672293871451,0.9877672293871451,7950.059632459392
5544.83837890625,0.9869611421510952,0.9907117903490169,0.9907117903490169,0.9907117903490169,7951.246669416791
5545.16357421875,0.9873573185503453,0.9925704481566395,0.9925704481566395,0.9925704481566395,8167.382019561054
5545.48828125,0.9758846738160837,0.9930354419644455,0.9930354419644455,0.9930354419644455,8056.920059601512
5545.81298828125,0.9708929587848505,0.9923399253004456,0.9923399253004456,0.9923399253004456,8018.292567167954
5546.13720703125,0.9639886341890602,0.9910503617366041,0.9910503617366041,0.9910503617366041,7905.944501195935
5546.4619140625,0.9888036426236456,0.9897165745195585,0.9897165745195585,0.9897165745195585,7871.957929011127
5546.78662109375,0.9795883536686343,0.9886705948015659,0.9886705948015659,0.9886705948015659,8003.9175102109375
6003.16650390625,0.9799697850445663,0.9987678963140161,0.998767853776761,0.9987678963140161,8701.481127368621
6003.48828125,0.9859564408571867,0.9986468687403283,0.9986467551191672,0.9986468687403283,8767.214419752387
6003.810546875,0.9866158798895467,0.9984480376657318,0.9984477620773347,0.9984480376657318,8715.226137976879
6004.1328125,0.9842821191441252,0.9980721673259401,0.9980715770713572,0.9980721673259401,8573.052945498848
6004.455078125,0.9948016050417477,0.9974105526960699,0.9974094661568568,0.9974105526960699,8626.180374936926
6004.77685546875,1.001076197963311,0.9964607624030065,0.9964590841333079,0.9964607624030065,8709.30461559208
6005.09912109375,1.0032460853512974,0.9954207049466188,0.9954185627230817,0.9954207049466188,8671.198509369297
6005.42138671875,0.9861493558317889,0.9945811985959722,0.9945789616102527,0.9945811985959722,8759.134833130436
6005.74365234375,0.9871987453320042,0.9939553646421044,0.9939534614762808,0.9939553646421044,8758.301090173527
6006.0654296875,0.9930796257343701,0.9930146466862878,0.9930133284273953,0.9930146466862878,8769.457641494131
6006.3876953125,0.9992091134116161,0.9909111033249631,0.9909103610164818,0.9909111033249631,8777.452773049477
6006.7099609375,0.9802335321608006,0.9871136267351936,0.9871132868238762,0.9871136267351936,8837.551042312487
6007.0322265625,0.9604334593801367,0.9818422410012309,0.9818421144291086,0.9818422410012309,8819.231966313186
6007.35400390625,0.9646523372040002,0.9759225335329353,0.9759224951308402,0.9759225335329353,8853.403677465532
6007.6767578125,0.9712442730831923,0.9703536289522924,0.9703536195148585,0.9703536289522924,8914.935890045093
6007.9990234375,0.9501989771883164,0.9663626893123202,0.9663626874226011,0.9663626893123202,8927.608160600459
6008.3212890625,0.9598162217298546,0.9653672270373288,0.9653672267296268,0.9653672270373288,8858.297127892274
6008.64306640625,0.9669821537566373,0.9683663670982264,0.9683663670573518,0.9683663670982264,8825.446680517472
6008.96533203125,0.9737550133110429,0.9748949304746961,0.9748949304702936,0.9748949304746961,8876.77132627527
6009.28759765625,0.9865210075129726,0.9828870262340409,0.9828870262328675,0.9828870262340409,8792.278740278794
6009.609375,0.9770990586706587,0.9899547227109926,0.9899547219692895,0.9899547232874321,8750.900813818864
6009.93115234375,1.0007787599959352,0.9947977105676491,0.9947976977419588,0.9947977206794829,8649.583621433556
6010.25341796875,0.9925452266226783,0.9974026029564171,0.9974024884865249,0.997402693418012,8803.4597839467
6010.57568359375,0.97377056293537,0.9983629018186931,0.9983620698735487,0.9983635604459251,8652.244584321323
6010.89794921875,0.9915714489946688,0.9982163415169207,0.998211418558178,0.9982202441432027,8671.482691319736
6011.22021484375,0.9841843668216491,0.9972389294640115,0.9972152132200834,0.9972577495473959,8765.400715766364
6011.5419921875,0.99689454620338,0.9956135056447071,0.9955206747386673,0.9956872290051567,8736.838326757224
6011.8642578125,0.9972437454386825,0.9935764004534644,0.9932799546560291,0.9938119663047835,8750.328189264941
6012.1865234375,0.9939924582696182,0.9913384858845169,0.99056789111624,0.9919510940006432,8695.919236750045
6012.5087890625,0.9841176155302555,0.9889184899672545,0.9872879464546687,0.9902151535689125,8766.843265149293
6012.83056640625,0.9766681111725436,0.9863719247550383,0.9835653158691601,0.9886043324210863,8805.490633022977
6013.15283203125,0.9909659739333846,0.984282859895267,0.9803463354235663,0.9874144677245797,8839.638242681267
6013.47509765625,0.9772852713747476,0.983756151727531,0.9792609259875878,0.98733250133002,8675.837815926561
6013.79736328125,0.9839590745054032,0.9854801440557921,0.9812995461570826,0.9888062430398009,8674.770665318574
6014.119140625,0.9826310040310202,0.9888862965559355,0.9857136332649331,0.9914103666742917,8745.428024747072
6014.44140625,1.0096410341339743,0.9924735515063161,0.9904937457108034,0.9940483566640538,8799.268597691198
6014.76318359375,0.9931994526993076,0.9948053829845689,0.993728629190306,0.995661287856202,8629.555912669932
6015.08544921875,0.9870155542168149,0.9951012620925053,0.9944170763511777,0.9956437542593394,8702.70667453283
6015.4072265625,1.015044096446567,0.9930229771230614,0.9921900085006518,0.9936813898791146,8836.226930762452
6015.7294921875,0.9813714324348761,0.9885822742415336,0.9871248019822969,0.9897332383688514,8720.662403910099
6016.0517578125,0.9810328804143069,0.982693995919045,0.9803278543688919,0.9845622980811449,8779.610117491071
6016.3740234375,0.9802731297765084,0.9775542828184259,0.9743652670745202,0.9800723012416521,8629.950010464589
6016.69580078125,0.9793017956151997,0.9756980799743372,0.9721896364364505,0.9784682878077997,8713.404228224368
6017.01806640625,0.9641626570351568,0.9780960064993467,0.9749517932157781,0.9805785506927639,8751.782313580476
6017.33984375,0.9917384696605194,0.9832951676067827,0.9809998352871663,0.9851073723207174,8862.819038937105
6017.662109375,0.9945111133806183,0.9886684887734812,0.9873048942952329,0.9897449736154589,8825.671893739067
6017.98388671875,0.9983992926930862,0.9923380395450812,0.9916776734098679,0.9928592495635348,8751.3981565424
6018.30615234375,1.0047965764408522,0.9939662789521578,0.993705825582546,0.9941716409891799,8590.88845092748
6018.62841796875,1.0007045377482662,0.9939604970593022,0.9938759121445871,0.9940267786132446,8852.958189376795
6018.95068359375,1.0009172117580942,0.9925282811199643,0.992503275945319,0.9925472280108146,8911.83070131924
6019.2724609375,0.9684928991006003,0.989619859863242,0.9896048847734722,0.9896309518048242,8900.473338095566
6019.59423828125,0.9791883318670719,0.985672564792631,0.9856337291100448,0.9857043864350596,9007.758546734589
6019.91650390625,0.9738095326762897,0.9820131073147809,0.9818791356523369,0.9821278683882008,8987.096527525893
6020.23876953125,0.9736116933778507,0.9799787484139699,0.979575461630713,0.9803288299644778,8835.068911851647
6020.56103515625,0.981936271811197,0.9794249410974484,0.9784221954892747,0.9802992077716229,8870.728971042976
6020.88232421875,0.9913579080197757,0.9786691926943263,0.9766358309134244,0.9804451524656258,8657.15008819543
6021.20458984375,0.9678340833857492,0.9764340216206138,0.9730661359529665,0.979378216783886,8802.173994658377
6021.52685546875,0.9787670858607267,0.9737211190260431,0.9691793677906817,0.9776936251548838,8908.631592654321
6021.84912109375,0.9822967163911803,0.9731288549910612,0.9681432879254622,0.9774910117474781,8940.17815565774
6022.17041015625,0.98031742816783,0.9760844517811001,0.9716270647856383,0.9799852721131694,8855.130424212162
6022.49267578125,0.9805439019881981,0.9811128332091994,0.9778693554126883,0.9839516444258103,8616.513858059287
6022.81494140625,0.9826334109959282,0.984843197514647,0.9829222658933177,0.986524560527903,8717.058105100448
6023.13720703125,1.0005183711646275,0.9847464666358088,0.9838205326454286,0.985556943755821,8702.497325864302
6023.45849609375,0.9681763514911748,0.9810975509383563,0.9807331489568326,0.9814165246515927,8778.586714257379
6023.78076171875,0.9702032414509619,0.9767797531701515,0.9766633264609379,0.9768816737284932,8806.505507419999
6024.10302734375,0.9668066422831669,0.9752924242187302,0.975262148575579,0.9753189326880078,8930.442982558956
6024.42529296875,0.9735911218004453,0.9781559454690122,0.9781495377002006,0.9781615580412736,8914.13367134068
6024.74658203125,0.9841386349179715,0.9839735745553945,0.9839724644904319,0.9839745475162007,8647.843459213394
6025.06884765625,1.0003215035503097,0.9899253191391464,0.9899251634001118,0.9899254557959424,8645.561261067236
6025.39111328125,0.9995247002181209,0.9937283213454572,0.993728303560859,0.9937283369786519,8653.832795223498
6025.712890625,0.9976606884303939,0.9945370147179137,0.9945370131945312,0.9945370160760282,8461.916151669115
6026.03466796875,1.002481909321004,0.9925464633804373,0.9925464633798029,0.9925464633829725,8441.177486480945
6026.35693359375,0.997877240773693,0.9886311672241364,0.9886311672241364,0.9886311672241364,8560.25404414424
6026.6787109375,0.9798842457610395,0.9844561182809819,0.9844561182809819,0.9844561182809819,8554.238314175165
6027.0009765625,0.9833902398813265,0.9820722994807414,0.9820722994807414,0.9820722994807414,8667.446550388999
6027.3232421875,0.9950344351121749,0.98276047539816,0.98276047539816,0.98276047539816,8814.782778213457
6027.64453125,1.0006070262460833,0.9860321576083184,0.9860321576083184,0.9860321576083184,8786.290137337923
6027.966796875,1.0047872994057852,0.9901484278540001,0.9901484278540001,0.9901484278540001,8800.875226031458
6028.2890625,0.9921263494469864,0.9934845473876218,0.9934845473876218,0.9934845473876218,8682.130566691372
6028.61083984375,0.9978469351064152,0.9955075644353384,0.9955075644353384,0.9955075644353384,8780.725687853164
6028.9326171875,0.9916905241084114,0.9965957091138785,0.9965957091138785,0.9965957091138785,8889.12496423171
6029.2548828125,0.9797993845971481,0.9973125730796925,0.9973125730796925,0.9973125730796925,8848.793781569077
6029.57666015625,0.9769171401025568,0.9979433288742482,0.9979433288742482,0.9979433288742482,8717.087370950161
6029.89892578125,0.9928935872766351,0.998493005290942,0.998493005290942,0.998493005290942,8809.734603097397
6030.220703125,1.000005539161245,0.9988833395923092,0.9988833395923092,0.9988833395923092,8858.048831039883
6030.54248046875,0.981817814283994,0.999095601795393,0.999095601795393,0.999095601795393,8694.691911205422
6030.86474609375,0.968010603473652,0.9991715501292251,0.9991715501292251,0.9991715501292251,8476.067843398912
6374.15869140625,0.9957642643420199,0.9980048628652483,0.9980048628652483,0.9980048628652483,8502.029768973407
6374.47705078125,0.993096469743321,0.9981552656806719,0.9981552656806719,0.9981552656806719,8505.08396224167
6374.794921875,1.0015966491149138,0.9982895539537242,0.9982895539537242,0.9982895539537242,8555.716072313393
6375.11328125,1.0123819010859332,0.9984035051670044,0.9984035051627599,0.9984035051710699,8436.197016268945
6375.431640625,0.9984253951815505,0.9985160193432727,0.9985160192981338,0.9985160193920936,8461.25690982393
6375.75,1.0037524212536488,0.9986553323070472,0.998655331928781,0.9986553327159332,8254.81656826731
6376.068359375,0.9964954578602547,0.9988161329839171,0.998816130353231,0.9988161358266436,8031.060008321362
6376.38671875,1.0012705943986873,0.9989245908559439,0.9989245758108968,0.9989246071126228,7938.151513002734
6376.705078125,0.9995022439966257,0.9988499243880473,0.9988498539198449,0.9988500005458515,7837.005580661791
6377.0234375,0.9952078831148301,0.9984640052766707,0.9984637353530663,0.9984642971238107,7868.201129925739
6377.34130859375,0.9915217379242306,0.9977318983997597,0.997731054544326,0.9977328114307777,7925.760025501478
6377.65966796875,1.0019572142859514,0.9967925386299995,0.9967903781186352,0.9967948784748152,8291.28357693079
6377.97802734375,0.9864828803027852,0.9959670970947762,0.9959625757057976,0.9959719996749993,8409.912914658125
6378.29638671875,0.9984066806039152,0.9955920947512342,0.9955843605897756,0.995600493163343,8449.811432615801
6378.61474609375,0.9919561094512562,0.9957628292182741,0.9957520153227849,0.995774591854771,8534.554613412965
6378.9326171875,1.0004495805972917,0.9961940222794351,0.996181663735063,0.9962074910797342,8464.944498833991
6379.2509765625,1.0062604630022491,0.9963257037491626,0.9963141524965741,0.9963383189147222,8596.483575771736
6379.5693359375,0.9820428604614918,0.9955909148042399,0.9955820751391371,0.995600583414237,8523.957429298058
6379.88818359375,0.9961037283179099,0.9937627567900776,0.993757162632125,0.9937688497405384,8591.249850579126
6380.2060546875,0.9907130104608859,0.9912883342249301,0.991285166125111,0.9912916322242892,8665.541926447773
6380.5244140625,0.9863343415445063,0.9892395073810928,0.9892371979122996,0.9892414487355767,8481.698492636684
6380.8427734375,0.9860262648212366,0.9887399852597145,0.9887366319291558,0.988742104785014,8590.838806124339
6381.1611328125,0.993049173447206,0.9901122375999721,0.9901058550712617,0.990115914768449,8608.377285900388
6381.47900390625,0.9872268318737717,0.9926412948183508,0.9926303908843062,0.9926474752081603,8503.841780610093
6381.79736328125,0.9952626173958602,0.9952091048619931,0.9951936500838924,0.9952178304305516,8529.405900323969
6382.11572265625,0.9904487071825139,0.9970542360460161,0.9970362553801597,0.9970643701739885,8491.339494654678
6382.43408203125,0.9982199372079145,0.9980335111513449,0.9980162152564301,0.9980432730201203,8459.119552197391
6382.751953125,0.999483896363449,0.9983513004890909,0.9983369827528404,0.9983595011247693,8175.801349484506
6383.06982421875,0.9876593587515446,0.9982355317419314,0.9982236937497224,0.9982427030557117,7847.58994163484
6383.38818359375,0.9950795442861687,0.9978152992070904,0.9978022516619494,0.9978239888913655,7685.24751804138
6383.70654296875,0.9953307303319828,0.9971732880099086,0.9971535776685867,0.9971872047900615,7458.217452612487
6384.0244140625,1.0022737549692653,0.9964338013253666,0.9964031951079642,0.9964558319043417,7446.262876985657
6384.3427734375,0.9931348222154494,0.9957961858942043,0.9957548756793579,0.9958261321995248,7586.988717537647
6384.6611328125,0.9905088218086622,0.9954866414208695,0.9954404340072757,0.9955202973772619,7746.334251528192
6384.9794921875,0.9934920863424663,0.9956310040830764,0.9955885865203603,0.995662033122904,8097.259971349729
6385.2978515625,1.0022455336824747,0.9961748205875911,0.9961428579320466,0.9961982545807172,8402.723507416606
6385.61572265625,0.9966081522012141,0.9969252689847903,0.9969053365589529,0.9969397789173011,8471.917785752968
6385.93408203125,1.0024252084206937,0.9976746473561786,0.9976641201437199,0.9976820045425163,8483.54724585338
6386.25244140625,0.978538561149231,0.9982774454052877,0.9982723872673158,0.9982805032455732,8469.183947084752
6386.5703125,0.9814234375479324,0.9986679706183469,0.9986653809633027,0.9986690147771581,8634.22604025791
6386.88818359375,0.9940780030942135,0.9988406877163769,0.9988389812972612,0.9988409804589107,8604.961672492162
6387.20654296875,0.9928850429693609,0.998828004379885,0.9988264704084439,0.9988280716456479,8558.392461848865
6387.52490234375,0.9921719251902272,0.9986911998120619,0.9986894764752757,0.9986912125231155,8447.224357879519
6387.84326171875,1.012504181317168,0.9985144831153295,0.9985124150984311,0.9985144851991778,8579.614701225706
6388.1611328125,1.0100591770169165,0.9983850830610013,0.9983827788657932,0.9983850841691401,8565.195853716323
6388.47900390625,1.0012580269521048,0.9983435501778568,0.9983413382614158,0.9983435555202935,8479.921964773468
6388.79736328125,1.0064329299068786,0.9983287120396528,0.9983269204016032,0.9983287391330664,8628.47951584777
6389.11572265625,0.9854417294126492,0.9981768716591685,0.998175577038162,0.9981769845904906,8636.315796859582
6389.43359375,1.0013186445157907,0.9977235089716638,0.9977224049324502,0.9977238932974025,8576.507415435542
6389.751953125,1.0018352405148683,0.9969627170426302,0.9969610941334738,0.9969637889045895,8436.60343047574
6390.06982421875,1.0120541752261132,0.9961447693891491,0.996141596358221,0.9961472114879283,8449.709674758571
6390.38818359375,1.008073524551197,0.9956462320876017,0.9956404717187484,0.9956507889739731,8350.5038489262
6390.7060546875,1.0120119256710063,0.9956549813399889,0.9956462457098675,0.9956619319101188,8452.251480845965
6391.0244140625,1.0188266221156888,0.9958850972773884,0.9958742208489196,0.995893774624316,8483.032035143771
6391.3427734375,0.9921548497262717,0.9955714949020307,0.9955604179703962,0.9955803553617892,8487.828114737082
6391.66064453125,0.9910964510665827,0.9936435611058269,0.9936343299218285,0.993650967259435,8555.882149116003
6391.97900390625,0.9854806897197506,0.9887373612355355,0.9887310608032331,0.9887424334667781,8531.294751167094
6392.296875,0.9750850904254303,0.9791372595658845,0.9791337189673021,0.9791401210406915,8700.104978073341
6392.61474609375,0.9706055914411826,0.963133525437982,0.9631318726801952,0.9631348669562255,8960.713011698714
6392.93310546875,0.9503538697077673,0.9401938080743962,0.9401931577417117,0.9401943384526468,9027.607429847996
6393.25146484375,0.9168390268836417,0.912049241325043,0.9120490204239197,0.9120494224140556,9070.708082224073
6393.56884765625,0.9120266804219235,0.8822680826227995,0.8822680158797642,0.8822681376418572,9101.617238058801
6393.88720703125,0.9187622244534337,0.8543865211167567,0.8543865028532477,0.8543865362622556,9163.74586906004
6481.20947265625,0.9599698035985946,0.9491084949674805,0.9491083413257787,0.9491101619133364,8830.83477250967
6481.52685546875,0.9559098475348818,0.9455185432293317,0.9455182124418253,0.9455201302854572,8634.838440936628
6481.84375,0.9575170605981481,0.9451614445970136,0.9451607975319823,0.9451628191129353,8421.402461280695
6482.16015625,0.9682627209710272,0.9485241924867182,0.9485230703840178,0.9485252491120985,8566.63502241314
6482.4775390625,0.9763402936473893,0.9552598159131948,0.9552581310022303,0.9552605174398014,8495.784508038729
6482.79443359375,0.982781129534314,0.9641831276129261,0.9641809905933785,0.964183521509648,8555.761456580405
6483.111328125,0.9846103346196149,0.9737530316239783,0.9737507773725997,0.9737532155594818,8728.288383922632
6483.42822265625,0.9964947733839071,0.9824603820080038,0.9824584226968992,0.9824604527762837,8682.896598181476
6483.7451171875,0.9838487575403311,0.9892308183652505,0.9892294211377323,0.9892308407039073,8680.858304377536
6484.06201171875,0.9845876547492537,0.9937389773883684,0.9937381611237175,0.993738983164782,8740.185731422436
6484.37939453125,0.9849145866801374,0.9963680853566214,0.9963676953736218,0.9963680865765868,8698.59617073225
6484.69580078125,0.9957251085122315,0.9977727250353358,0.9977725720853745,0.9977727252473668,8748.06838435074
6485.0126953125,0.9927017865828338,0.9984942144671892,0.998494165415614,0.9984942144972838,8642.41492752126
6485.330078125,0.9880837067738681,0.9988096854313828,0.998809672579882,0.9988096854348679,8553.88718244113
6485.64697265625,0.9908940585737738,0.9988487009950002,0.9988486982328854,0.9988487009953317,8611.565769755633
6485.96337890625,0.987874368709095,0.9987263033955038,0.9987263029080674,0.9987263033955038,8602.465404154811
6486.28076171875,1.011645853229706,0.9985836359909199,0.9985836359208883,0.9985836359909199,8558.51671018513
6486.59765625,1.0119939147770425,0.998542089630543,0.9985420896222814,0.998542089630543,8585.214332332474
6486.91455078125,0.9968793407814646,0.9986364046148271,0.9986364045972339,0.9986364046247026,8592.62149774485
6487.2314453125,0.9931264752953234,0.9988135800394006,0.9988135798821266,0.9988135801323234,8510.793466364858
6487.54833984375,0.9931050144978212,0.9989901665731226,0.9989901653668534,0.9989901672891431,8582.504162713147
6487.865234375,0.993688657019237,0.999106959738123,0.9991069520927607,0.999106964306257,8694.965841831503
6488.18212890625,0.9922394235225848,0.9991413725268533,0.9991413328356921,0.9991413963909362,8575.705687060332
6488.4990234375,0.98623106651444,0.9990857879355877,0.9990856178065999,0.9990858910133431,8556.555012972818
6488.8154296875,0.9949945917638255,0.9989117599702719,0.9989111544182575,0.9989121306790385,8552.965256140158
6489.1328125,0.9956753679276387,0.9985354426854327,0.9985336195536044,0.9985365754662027,8477.311846508635
6489.44970703125,1.016730694714251,0.9978111465620992,0.9978064327295667,0.9978141378945773,8483.566841830814
6489.7666015625,0.9987685622611953,0.9965182937680686,0.9965075163931442,0.9965253246810181,8602.212726849573
6490.0830078125,0.9906396168564271,0.9943193635870125,0.994297028558797,0.9943343924636661,8679.25783909918
6490.39990234375,0.971491477600009,0.990773674745849,0.9907311987738515,0.9908030795658657,8565.432116387274
6490.716796875,0.9788510223929744,0.9857536265027169,0.9856805165884542,0.9858053238360327,8629.535174482819
6491.03369140625,0.9658659304453663,0.9801333749949411,0.9800224882262406,0.980212839864453,8486.91322825567
6491.3505859375,0.9755541843748132,0.9759155540543261,0.9757712766213951,0.9760197139012727,8563.789657459463
6491.66748046875,0.9832075905902053,0.9749398139197536,0.9747819089457137,0.975054228971003,8619.710398542651
6491.984375,0.977686716176751,0.9768910623436482,0.9767474472331603,0.9769952861591478,8589.773625793316
6492.30126953125,0.9867286152868361,0.9785870528243463,0.978479246433329,0.9786653264167706,8560.68707720301
6492.61767578125,0.9843804463405064,0.9756104231793294,0.9755438148686271,0.9756587806282075,8585.451289104314
6492.9345703125,0.977207626490012,0.9652300445623005,0.9651962864882998,0.9652545442158919,8789.525591007088
6493.25146484375,0.9524670196035377,0.9485266394321636,0.9485126105984141,0.9485368158970534,8884.198451888911
6493.568359375,0.9439420839486732,0.9297483562853961,0.9297435783314001,0.9297518203592078,9091.18606930108
6493.88525390625,0.9031512276153171,0.9131144269730461,0.9131130936228404,0.9131153931011542,9110.742129686907
6494.20166015625,0.8908915205384539,0.9004138960888013,0.9004135901666968,0.9004141173703352,9095.377167167411
6494.51904296875,0.8923144952180027,0.8922322500642728,0.8922321909246058,0.8922322913811358,8834.053432018767
6494.8359375,0.9101938212743399,0.8905925597914898,0.8905925419136121,0.8905925661261781,8365.773034938316
6495.15283203125,0.9070921510408771,0.8972884673655859,0.8972884331921857,0.897288468161205,7656.780751260067
6495.46923828125,0.9226598047047819,0.9094591192619905,0.9094590211210811,0.9094591193441448,6767.366096434325
6495.7861328125,0.9568964498039857,0.9192114401184405,0.9192112018013252,0.9192114401184405,6305.126308371083
6496.10302734375,0.9548763971470674,0.9198049196735484,0.9198044453165052,0.9198049196735484,6121.55670872859
6496.419921875,0.9341196248144479,0.9125823773252846,0.9125816042938805,0.9125823773252846,6104.345522017004
6496.736328125,0.9099548245562666,0.9065767549680405,0.9065757238593775,0.9065767549680405,6521.666787238991
6497.05322265625,0.9222270909934134,0.9106028097544441,0.9106016830412181,0.9106028097544441,7145.227431655073
6497.3701171875,0.9370941413287849,0.9255022235743151,0.9255012155658415,0.9255022235743151,7761.419307433529
6497.68701171875,0.9504784157428818,0.9436175199629648,0.9436167816202057,0.9436175199629648,8072.019606955849
6498.00341796875,0.9689049518301122,0.9553631283068554,0.9553626850943097,0.9553631283068554,8489.836441716707
6498.31982421875,0.9745877139017176,0.9562484872587611,0.9562482692725743,0.9562484872587611,8729.159111049858
6498.63671875,0.9627401221091808,0.9487659105249122,0.9487658227791052,0.9487659105249122,8710.204082308592
6498.95361328125,0.9528902677001583,0.9396120110906153,0.9396119821112038,0.9396120110906153,8807.326930573681
6499.2705078125,0.9487110833575545,0.9351148915767241,0.935114883690047,0.9351148915767241,8744.363342635037
6499.5869140625,0.9594436444226215,0.9380172005108451,0.9380171987210744,0.9380172005108451,8723.791531506884
6499.90380859375,0.9620337830758963,0.9471088544455651,0.9471088541028723,0.9471088544455651,8664.831002064513
6500.220703125,0.9815259059370798,0.9590574092304069,0.9590574091736536,0.9590574092304069,8522.906852515194
6500.53759765625,0.9797316387237366,0.9706943772463866,0.9706943772380449,0.9706943772463866,8557.616466195772
6500.85400390625,0.9846507861030409,0.9801946924384024,0.9801946924372832,0.9801946924384024,8482.045221617307
